id,prefix,word,definition,phonetic,syllables,audio_file_name,audio_content_type,audio_file_size,audio_updated_at,created_at,updated_at,slug,also_matches,illustration_file_name,illustration_content_type,illustration_file_size,illustration_updated_at
159,"",Kiss,<p>In your time of mythical seizures it was the wires in the darkness and the crusty glue circles on your skin and deep in your hair.</p>,ˈkis,"",kiss.mp3,audio/mp3,18093,2014-04-20 00:27:42.646497,2014-04-20 00:27:42.661484,2014-04-20 00:27:42.661484,kiss,kisses kissing kissed kisses kisser,,,,
14,"",Nightmare,"<p>I know you. No, I mean it: I really know you.</p>",nītˈmârˌ,night·mare,nightmare.mp3,audio/mpg,14756,2010-04-25 12:04:01.660169,2010-04-25 19:04:01,2012-09-11 12:24:51.009023,nightmare,nightmares,,,,
13,"",Memory,"<p>Larger than before, our apartment seemed two apartments joined. We could&rsquo;ve doubted everything, but chose only the one incident, which sounded like a psychotic episode.</p>",mĕmˈə-rē,mem·o·ry,Memory.mp3,audio/mpg,11500,2010-04-22 19:16:10.231826,2010-04-21 01:22:35,2012-09-11 12:25:22.395153,memory,memories,,,,
12,A,Letter,<p>You&rsquo;ve a different potion now. Hold out your hand. You&rsquo;ve a different potion now. Hold out your hand. Hold out your hand.</p>,lĕtˈər,let·ter,letter.mp3,audio/mpg,15595,2010-04-22 19:11:24.789797,2010-04-21 00:44:27,2012-09-11 12:25:47.374234,letter,letters,,,,
11,"",Is,"<p>Well-water. Hide of the gator which once served as atmosphere. Empty rooms as passages, sparks to the basket of fire.</p>",ĭz,is,is.mp3,audio/mpg,14341,2010-04-22 19:09:54.277200,2010-04-21 00:43:48,2012-09-11 12:26:06.068159,is,"",,,,
161,"",Pinnate,<p>A friend's good mother lasts forever.</p>,ˈpi-ˌnāt,"",pinnate.mp3,audio/mp3,18932,2014-04-28 13:44:27.781713,2014-04-28 13:44:27.801686,2014-04-28 13:46:00.051466,pinnate,pinnately,,,,
9,"",Gratitude,<p>Her father held her hand. She was not one. She was not. She was not one of those.</p>,"grătˈĭ-to͞odˌ, -tyo͞odˌ",grat·i·tude,gratitude.mp3,audio/mpg,14341,2010-04-22 19:07:29.401405,2010-04-21 00:42:36,2012-09-11 12:26:51.890757,gratitude,"",,,,
10,"",Home,"<p>Dark closet behind clean clothes. Behind limbo. Just past a state of uncertainty, just inside a pocket enclosed by uncertainty and solid walls.</p>",hōm,home,home.mp3,audio/mpg,16849,2010-04-22 19:08:59.238860,2010-04-21 00:43:10,2012-09-11 12:27:02.442259,home,homes homed homing,,,,
8,"",Family,<p>1) Without question. 2) Naked. 3) Alone.</p>,"fămˈə-lē, fămˈlē",fam·i·ly,family.mp3,audio/mpg,18103,2010-04-22 19:06:12.516273,2010-04-21 00:41:54,2012-09-11 12:27:30.632414,family,families familial,,,,
7,"",E,<p>Say it again. Say it again and don&rsquo;t dare stop.</p>,ē,"",e.mp3,audio/mpg,12251,2010-04-22 19:04:29.912148,2010-04-21 00:41:24,2012-09-11 12:27:48.969208,e,"",,,,
6,"",Diabetes,"<p>You catch it from cereal. By extension, a lifelong habit of predicting the illnesses of relatives.</p>","dīˌə-bēˈtĭs, -tēz",di·a·be·tes,diabetes.mp3,audio/mpg,17267,2010-04-22 19:01:30.341310,2010-04-21 00:40:51,2012-09-11 12:28:06.789068,diabetes,"",,,,
5,"",Cant,"<p>The pace you keep. When you speak, the language you speak. Otherwise, you don't speak, and in that sense, you cant.</p>",kănt,cant,cant.mp3,audio/mpg,10580,2010-04-22 19:00:15.064998,2010-04-21 00:39:35,2012-09-11 12:28:32.606368,cant,can't,,,,
3,"",Aunt,"<p>Living on sugar, hiding the cream.</p>","ănt, änt",aunt,aunt.mp3,audio/mpg,9742,2010-04-22 18:55:59.227742,2010-04-21 00:37:33,2012-09-11 12:30:14.377926,aunt,aunts,,,,
165,"",Vengeance,<p>Scientific; psychological. You are to me not nearly enough so.</p>,ˈven-jən(t)s,"",vengeance.mp3,audio/mp3,24390,2014-12-17 13:17:50.012763,2014-12-17 11:05:28.113674,2014-12-17 13:17:50.151323,vengeance,"",,,,
168,"",Really,"<p>Erma Bombeck undercover, kicking ass and solving crimes in her well-stocked, groovy bookmobile.</p>",ˈrē-(ə-)lē,re·al·ly,really.mp3,audio/mp3,18116,2015-04-01 12:12:25.306645,2015-04-01 12:12:25.320455,2015-04-01 12:12:25.320455,really,"",,,,
164,"",Next,"<p>When you laugh at the belt, you no longer get the belt. What's</p>",ˈnekst,"",next.mp3,audio/mp3,18121,2015-01-03 18:09:03.591917,2014-09-23 11:28:20.027716,2015-01-03 18:09:03.59277,next,"",,,,
163,"",Embarrassment,<p>He stops his kung-fu to make sure you're watching.</p>,"im-ˈber-ə-smənt, -ˈba-rəs-",em·bar·rass·ment,embarassment.mp3,audio/mp3,25232,2015-01-03 18:11:05.819065,2014-09-20 13:36:35.128422,2015-01-03 18:11:05.820273,embarrassment,embarrass embarrassing embarrassed embarrasses,,,,
162,"",Laughter,<p>To frame your anger as a kind of compliment.</p>,"ˈlaf-tər, ˈläf-",laugh·ter,laughter.mp3,audio/mp3,17697,2015-01-03 18:12:54.941351,2014-09-18 12:45:53.374674,2015-01-03 18:12:54.942154,laughter,laugh laughing laughs,,,,
160,"",Like,<p>That bamboo pagoda made eternal under glass. How folks don't know they come to see it not you.</p>,ˈlīk,"",like.mp3,audio/mp3,17692,2015-01-03 18:16:06.480152,2014-04-24 22:45:37.302032,2015-01-03 18:16:06.481034,like,likes liked liking,,,,
166,"",It,"<p>Migratory birds thrown seasons of kibble, clipped to the pond as pets. The sign says no hunting. It's a sign.</p>","ˈit, ət","",it.mp3,audio/mp3,14766,2015-01-03 18:06:23.315194,2015-01-03 18:06:23.332327,2015-01-03 18:20:32.36563,it,its it's,,,,
167,The,Damage,<p>Draw a mustache on it.</p>,ˈda-mij,"",damage.mp3,audio/mp3,24800,2015-01-15 12:58:28.013676,2015-01-15 12:58:28.021222,2015-01-15 13:00:56.475461,damage,damages damaged damaging,,,,
169,The,Ritual,<p>You kick the earthquake machine. While lightning bugs blink in witness you kick it like the fucked-up world just gave you its shins.</p>,"ˈri-chə-wəl, -chəl; ˈrich-wəl",rit·u·al,ritual.mp3,audio/mp3,19366,2015-04-03 13:19:31.385218,2015-04-02 13:17:31.697271,2015-04-03 13:19:31.388003,ritual,rituals,,,,
173,"",Witness,<p>To hover unanchored over the drowned town in your five-room rented houseboat.</p>,ˈwit-nəs,wit·ness,,,,,2015-04-08 11:44:17.195811,2015-04-08 11:44:17.195811,witness,"",,,,
170,"",Virginity,<p>These jagged edges were in fashion once.</p>,(ˌ)vər-ˈji-nə-tē,vir·gin·i·ty,virginity.mp3,audio/mp3,21460,2015-04-03 13:29:20.643361,2015-04-03 13:29:20.6487,2015-04-03 13:32:32.922757,virginity,virgin virgins virginal,,,,
171,"",Present,<p>All three vectors betray embarrassment to those who watch from the fourth dimension.</p>,ˈpre-zənt,pres·ent,,,,,2015-04-05 02:33:04.418178,2015-04-05 02:33:04.418178,present,presents presenting presented presenter,,,,
174,"",Genetics,"<p>Faux Victorian vs. mid-century modern. Bleached sheepskin throws against a tight, patterned weave.</p>",jə-ˈne-tiks,ge·net·ics,,,,,2015-04-09 15:31:38.663916,2015-04-09 15:31:38.663916,genetics,genes gene genetic,,,,
175,"",Harmony,<p>When your house rules include let's not speak of the dismemberment.</p>,ˈhär-mə-nē,har·mo·ny,,,,,2015-04-14 21:38:16.847761,2015-04-14 21:38:16.847761,harmony,harmonies,,,,
176,"",Entropy,<p>The reason a young lady taunts her lover in front of her parents with her allergy to peppermint.</p>,ˈen-trə-pē,en·tro·py,,,,,2015-04-16 15:12:04.398198,2015-04-16 15:12:04.398198,entropy,"",,,,
192,"",Friends,<p>Your life as a b-grade celebrity team-up cartoon animal.</p>,ˈfrend,"",,,,,2019-01-18 16:26:04.995392,2019-01-18 16:26:04.995392,friends,friend,,,,
4,"",Bastard,<p>One of each day. Synonym for &ldquo;extol&rdquo; having the additional sense of standing on a barrier island and feeling one is an active part of the barrier process.</p>,băsˈtərd,bas·tard,bastard.mp3,audio/mpg,16013,2010-04-22 18:58:54.120569,2010-04-21 00:38:26,2018-01-15 16:17:43.462664,bastard,bastards bastardized,bastard.png,image/png,333437,2018-01-15 16:17:43.231626
120,"",Zero,<p>Don't stop you're there.</p>,"ˈzē-(ˌ)rō, ˈzir-(ˌ)ō",ze·ro,zero.mp3,audio/mp3,22706,2013-01-28 16:08:53.074185,2013-01-28 16:08:53.109969,2013-01-28 16:08:53.109969,zero,"",,,,
121,"",Just,<p>As lonely as your father's single issue of erotica.</p>,"yər, ˈyu̇r, ˈyȯr","",youre.mp3,audio/mp3,16440,2013-02-06 11:58:34.761377,2013-02-06 11:58:34.789739,2013-02-06 12:00:42.503364,just,"",,,,
125,"",Dignity,<p>Your contemporary equivalent newsy cap and hilarious hear ye hear ye.</p>,ˈdig-nə-tē,dig·ni·ty,dignity.mp3,audio/mp3,21457,2013-03-07 12:07:59.590796,2013-03-07 12:07:59.784172,2013-03-07 12:07:59.784172,dignity,"",,,,
126,"",Lost,<p>All the fabric ever woven by your sister's dusty loom.</p>,ˈlȯst,"",lost.mp3,audio/mp3,18945,2013-04-18 02:00:12.363808,2013-04-18 01:55:29.349664,2013-04-18 02:00:12.372616,lost,"",,,,
127,"",Anger,<p>Who can either get or give enough?</p>,ˈaŋ-gər,an·ger,Anger.mp3,audio/mp3,22293,2013-05-04 14:04:38.610818,2013-05-04 14:04:38.853894,2013-05-04 14:04:38.853894,anger,"",,,,
128,"",Depression,<p>A renovated tenement run by the Irish that won't accept the Irish.</p>,"di-ˈpre-shən, dē-",de·pres·sion,depression.mp3,audio/mp3,21044,2013-05-06 12:46:26.717031,2013-05-06 12:46:26.804889,2013-05-06 12:46:26.804889,depression,depressed depressive depress,,,,
129,"",Forget,<p>Redact your cookbook of&nbsp;lard and sugar&nbsp;to oleo and saccharine pills.</p>,"fər-ˈget, fȯr-",for·get,forget.mp3,audio/mp3,21454,2013-05-15 07:21:36.359175,2013-05-15 07:21:36.401405,2013-05-15 07:21:36.401405,forget,forgot forgotten,,,,
130,The,Mind,"<p>Endless Andy Griffith. A bottomless strawberry Seagram's wine cooler. And a crawfish hole, once you break off the stubbled mud cap and drop twine.</p>",ˈmīnd,"",mind.mp3,audio/mp3,20198,2013-05-21 15:34:13.717376,2013-05-21 15:34:13.774622,2013-05-21 15:34:28.337051,mind,minds minding minded,,,,
131,"",Kindness,<p>Anything less than hand-packed buckshot insults both your spouse and your tumor.</p>,ˈkīn(d)-nəs,kind·ness,kindness.mp3,audio/mp3,18537,2013-06-17 17:31:53.236117,2013-06-17 17:31:53.701434,2013-06-17 17:32:23.160936,kindness,Kind,,,,
132,"",Knots,"<p>Microscopically regional superstitions such as, ""Don't praise the chicken before it's fried,"" or ""Never fish where you feed the ducks,""&nbsp;or ""An arrow to the arm brings luck.""</p>",ˈnätz,knots,knots.mp3,audio/mp3,18530,2013-06-28 14:54:08.744107,2013-06-28 14:54:08.759893,2013-06-28 14:54:22.257683,knots,knot knotted knotting,,,,
133,"",Pride,<p>So few can honestly say they had a relative squashed by a safe.</p>,ˈprīd,"",pride.mp3,audio/mp3,18534,2013-07-10 10:46:33.953443,2013-07-10 10:46:33.963325,2013-07-10 10:46:52.682847,pride,"",,,,
134,"",Keen,"<p><span style=""background-color: rgba(255, 255, 255, 0.0078125);""><span style=""background-color: rgba(255, 255, 255, 0.0078125);"">He's gone, he's gone, the Mondrian lamp. Our stylish Gaelic mourning could never bring him back.</span></span></p>",ˈkēn,"",keen.mp3,audio/mp3,24385,2013-08-16 11:46:29.808417,2013-08-04 14:54:44.371092,2013-08-16 11:46:29.811867,keen,Keens,,,,
135,"",Obviously,<p>Your Scots-Irish grandparents were secretly Japanese. Witness their cutlery and Danish Modern lines.</p>,ˈäb-vē-əs-lē,"",obviously.mp3,audio/mp3,26476,2013-08-24 15:52:25.773462,2013-08-24 15:48:53.199713,2013-08-24 15:52:25.774744,obviously,obvious,,,,
136,"",Will,<p>To bequeath to your heirs the demitasse spoons of a great and defeated evil.</p>,"wəl, (ə)l, əl, ˈwil","",,,,,2013-08-28 10:00:25.4493,2013-08-28 10:00:25.4493,will,wills willing,,,,
137,"",Respect,<p>An unmoored hatred of men in uniforms. Your&nbsp;kill shelter rescue mutt nervous system.</p>,ri-ˈspekt,re·spect,,,,,2013-09-04 15:12:36.391321,2013-09-04 15:12:36.391321,respect,respects respecting respectable,,,,
138,"",Hand,<p>A soy meat substitute. A dirt clod fight.</p>,ˈhand,"",,,,,2013-09-06 15:56:08.916959,2013-09-06 15:56:25.444732,hand,hands,,,,
139,"",Pockets,<p>Myths dispensed to explain the mundane: I broke my hand on someone's face; I punched a brick playing pinners; I&nbsp;can play piano but I cannot make a fist.</p>,ˈpä-kət,pock·et,,,,,2013-09-10 00:26:15.356441,2013-09-10 00:30:51.447995,pockets,pocket,,,,
140,"",Association,"<p>How Chinese food comes to taste like a transformer exploding in an ice storm, served with a side of unrealized cousin.</p>","ə-ˌsō-sē-ˈā-shən, -shē-",as·so·ci·a·tion,,,,,2013-09-16 23:14:11.891436,2013-09-16 23:14:11.891436,association,associations,,,,
141,"",Yourself,"<p>The big wheel best serves those who've grown too strong, scrunched between the cracked seat and the hollow eponymous skidding doodad.</p>","yər-ˈself, Southern also -ˈsef",your·self,,,,,2013-09-20 01:04:30.28505,2013-09-20 01:04:30.28505,yourself,yourselves,,,,
142,"",Sex,"<p>The drive-in embarrassment film festival admits only Buicks. Huge, beige, convertible Buicks with plenty of room for fat young legs.</p>",ˈseks,"",,,,,2013-09-27 15:20:17.468175,2013-09-27 15:46:00.295567,sex,sexy sexual sexist sexuality,,,,
143,"",These,<p>Zombie drive-in theaters show zombie matinees.</p>,ðiz,"",,,,,2013-10-02 11:15:14.403427,2013-10-02 11:15:34.643297,these,"",,,,
144,"",Recognition,<p>The quiet pride of the designated cricket squisher.</p>,"ˌre-kig-ˈni-shən, -kəg-","",,,,,2013-10-07 11:52:12.278479,2013-10-07 11:52:12.278479,recognition,recognize recognizes,,,,
145,"",Reason,<p>Tying all the bras in knots.</p>,ˈrē-zən,rea·son,,,,,2013-10-11 16:39:31.804887,2013-10-11 16:39:31.804887,reason,reasons reasoning reasoned,,,,
146,"",Insanity,"<p>A graffito lemon on the back of your billboard, so to speak.</p>",in-ˈsa-nə-tē,"",,,,,2013-10-16 14:00:31.292006,2013-10-16 14:00:31.292006,insanity,insane,,,,
147,"",Logic,<p>To learn of a Walking Horse and deduce a breed that flies.</p>,ˈlä-jik,"",,,,,2013-10-22 11:36:58.463732,2013-10-22 11:36:58.463732,logic,logical,,,,
148,"",Thought,"<p>A nightmare Tennessee incarnate in the heat, all fetlocks and cock, compressing children for the climbing roses.</p>",ˈthȯt,"",,,,,2013-10-25 20:57:59.409749,2013-10-25 20:57:59.409749,thought,thoughts,,,,
149,"",Scruples,<p>They're made of ham.</p>,ˈskrü-pəlz,"",scruples.mp3,audio/mp3,65762,2013-11-17 14:32:17.768075,2013-10-31 04:11:40.610191,2013-11-17 14:32:17.76883,scruples,scruple,,,,
151,"",Being,<p>That extended period between birthdays when all you can think of is birthdays.</p>,ˈbē(-i)ŋ,"",being.mp3,audio/mp3,21456,2013-11-17 14:08:13.607524,2013-11-15 16:00:36.459727,2013-11-17 14:08:13.608296,being,beings,,,,
150,"",Comity,<p>The continuing adventures of the villainous refrigerator box.</p>,"ˈkä-mə-tē, ˈkō-",co·mi·ty,comity.mp3,audio/mp3,16441,2013-11-17 14:08:36.329672,2013-11-05 13:51:33.602674,2013-11-17 14:08:36.330753,comity,"ˈkä-mə-tē, ˈkō-",,,,
152,"",Grandparents,<p>Standing toothless near the footboard quilt storage in underwear you don't understand.</p>,ˈgran(d)-ˌper-əntz,"",,,,,2013-11-20 10:54:04.241101,2013-11-20 10:54:11.698021,grandparents,grandparent,,,,
153,"",Love,<p>What system can compete with the clarity and grace of my TI PC clone's single font?</p>,ˈləv,"",,,,,2013-11-28 18:11:07.913407,2013-11-28 18:11:35.026574,love,loves loving lover lovers loved,,,,
154,"",Wit,<p>Still and ever champion of the neighborhood asphyxiation game.</p>,ˈwit,"",,,,,2013-12-16 18:56:08.623595,2013-12-16 18:56:08.623595,wit,wits witted witty,,,,
155,"",Pets,<p>Licking your ear they mark the time.</p>,ˈpet,"",,,,,2014-01-24 18:16:33.117253,2014-01-24 18:16:33.117253,pets,pet petting petted,,,,
156,"",Authority,<p>Infant brawls with infant cousins.&nbsp;Your little thug life all Winston Lights at seven.</p>,"ə-ˈthär-ə-tē, ȯ-, -ˈthȯr-","",,,,,2014-01-29 17:26:59.814756,2014-01-29 17:26:59.814756,authority,authorities,,,,
157,"",Eye,<p>What architect planned one of three to shine on joists and insulation?</p>,ˈī,"",,,,,2014-02-04 11:35:02.343284,2014-02-04 11:35:02.343284,eye,eyes,,,,
102,"",Saccharine,"<p>Martinis and cigarettes in opposition, in combat, throat to throat, as if it was about anything but beauteous glassware, as if there was anything left to win.</p>","ˈsa-k(ə-)rən, -kə-ˌrēn, -kə-ˌrīn",sac·cha·rine,saccharine.mp3,audio/mp3,19786,2012-09-13 03:25:19.688050,2012-09-13 02:54:24.508798,2012-09-13 03:25:19.824406,saccharine,"",,,,
103,"",Catch,<p>And one must collect Juice Newton imports. Obsessively. To cover all exits. To make the family complete.</p>,"ˈkach, ˈkech","",catch.mp3,audio/mp3,19366,2012-09-18 01:13:38.788753,2012-09-18 01:13:18.969416,2012-09-18 01:13:38.789699,catch,catches caught catching,,,,
104,"",Psychology,"<p class=""p1"">To sample for money cookies rendered chemically soft, this being less abhorrent than enlisting one's offspring in the effort. By degrees. Always by degrees.</p>",saɪˈkɑlədʒi,"",psychology.mp3,audio/mp3,23136,2012-09-20 02:58:12.350999,2012-09-20 02:58:12.504872,2012-09-20 02:58:12.504872,psychology,"",,,,
105,"",I,<p>So much investment for just a spectacle.</p>,ˈī,"",i.mp3,audio/mp3,17694,2012-10-01 12:57:38.225609,2012-10-01 12:57:38.536947,2012-10-01 12:57:38.536947,i,"",,,,
106,"",Neighbors,<p>A house erupts with dirt you can hurl then rises and settles and seals you out.</p>,ˈnā-bər,neigh·bor,neighbor.mp3,audio/mp3,22716,2012-10-04 10:30:25.947564,2012-10-04 10:27:13.560151,2012-10-04 10:30:25.949056,neighbors,neighbor,,,,
81,"",Syrup,<p>A soup you can make yourself. A pocket soup.</p>,"ˈsər-əp, ˈsir-əp, ˈsə-rəp",syr·up,"","","","",2010-12-30 15:24:48,2012-10-10 03:11:24.412397,syrup,"",,,,
108,"",Fence,<p>The dog's bloody bulging eye and how even that explanation manages to be racist.</p>,ˈfen(t)s,"",fence.mp3,audio/mp3,21052,2012-10-11 12:38:33.978701,2012-10-11 12:38:34.260927,2012-10-11 12:38:34.260927,fence,"",,,,
109,"",Playground,"<p>The top of the rocket still unlocked, where the rust is worst.</p>",-ˌgrau̇nd,play·ground,playground.mp3,audio/mp3,22296,2012-10-15 12:15:20.933760,2012-10-15 12:15:22.519459,2012-10-15 12:15:22.519459,playground,"",,,,
107,"",And,<p>The cardboard square that starts a story. The open window that frames it. The hot water heater and the cold concrete floor.</p>,"ən(d), (ˈ)an(d), <em>usually</em> <sup>ə</sup>n(d) after t, d, s or z, <em>often</em> <sup>ə</sup>m after p or b, <em>sometimes</em> <sup>ə</sup>ŋ after k or g","",and.mp3,audio/mp3,19363,2012-10-08 19:51:48.404188,2012-10-08 19:51:48.66699,2012-10-09 01:46:50.031065,and,"",,,,
85,"",Backyard,"<p>A pile of shit embedded with a crayon. A crunched and vomited frog.&nbsp;Heck, even a mosquito bite on the tip of the glans. No, really. It was always full of horrid potential.</p>",ˈbækˈjɑːrd,back·yard,backyard.mp3,audio/mp3,21039,2012-10-10 03:08:48.132469,2011-11-14 13:02:58,2012-10-10 03:08:48.133172,backyard,backyards,,,,
82,"",Ticks,"<p>Not the dankest citizens of your best friend's crawl space. Still, there can be worse repercussions than a lifelong obsession with the greased-up lady in the fireman's hat.</p>",tĭkz,ticks,ticks.mp3,audio/mp3,21454,2012-10-10 03:10:33.783100,2011-02-06 03:48:05,2012-10-10 03:10:33.783734,ticks,tick ticking ticked,,,,
110,"",Compass,<p>The sun on the wall made of earth-tone lines.</p>,ˈkəm-pəs also ˈkäm-,com·pass,compass.mp3,audio/mp3,27722,2012-10-24 01:09:42.764164,2012-10-24 01:09:42.999116,2012-10-24 01:09:42.999116,compass,"",,,,
90,"",Barn,"<p class=""p1"">A perception of heat beyond the reach of thermometers or the precise accounting of echo speed, often coupled with the misconception that bad canning, abandoned, degrades to soil.</p>",ˈbärn,barn,barn.mp3,audio/mp3,18932,2012-05-15 18:52:45.464351,2012-05-16 01:52:45,2012-09-11 11:40:30.86615,barn,barns,,,,
113,"",Suburb,"<p>Set down even amongst the yokels, who with you want barbarians lost forever without elevated, shining, compass-point Rome.</p>",ˈsə-ˌbərb,sub·urb,suburb.mp3,audio/mp3,22724,2012-11-30 00:12:43.047357,2012-11-30 00:12:43.433408,2012-11-30 00:12:43.433408,suburb,"",,,,
88,"",House,"<p class=""p1"">Great-grandmother punches hymns on the Magnus and serves sugared strawberries in consolation. Her organ drones midway between a storm cellar and a shack for curing meat.</p>",ˈhau̇s,house,house.mp3,audio/mp3,18096,2012-05-08 05:51:36.096635,2012-05-08 12:51:36,2012-09-11 11:41:33.322587,house,houses housing,,,,
87,"",History,"<p class=""p1"">Your great-grandmother loved cats, so she learned to stifle sneezes. Now you get teased and you know how you'll die.</p>",ˈhis-t(ə-)rē,his·to·ry,history.mp3,audio/mp3,17679,2012-05-06 12:53:26.307739,2012-05-06 19:50:26,2012-09-11 11:41:59.0332,history,histories,,,,
86,"",Setting,"<p class=""p1"">You can sit in dignity at the family table, holiday over your head, turkey carcass demanding respect. But you're still an inveterate smart-ass.</p>",set.ɪŋ,set-ting,setting.mp3,audio/mp3,13900,2011-11-24 09:57:21.392413,2011-11-24 17:52:24,2012-09-11 11:42:27.560654,setting,settings,,,,
83,"",Fall,"<p>Composed of&nbsp;past and present&nbsp;mice&mdash;the house's ribs, the house's fluff.</p>",fôl,fall,fall.mp3,audio/mp3,13914,2011-11-08 06:31:29.662611,2011-11-06 01:06:44,2012-09-11 11:43:47.356121,fall,falls falling fell,,,,
112,"",Relatives,<p>To use every part of the sarcastic buffalo.</p>,ˈre-lə-tivz,rel·a·tives,relatives.mp3,audio/mp3,24817,2012-11-26 14:30:55.373900,2012-11-26 14:30:55.706341,2012-11-26 14:30:55.706341,relatives,relative,,,,
111,"",Strawberries,"<p class=""p1"">There, under the textured yellow spray paint. You were playing doctor. I can smell it.</p>","ˈstrȯ-ˌber-ē, -b(ə-)rē","",strawberries.mp3,audio/mp3,24807,2012-11-02 13:30:39.126405,2012-11-01 19:21:54.064438,2012-11-02 13:30:39.242927,strawberries,strawberry,,,,
80,"",Uncles,<p>Endless clown parties.</p>,ŭngˈkəlz,un·cles,"","","","",2010-11-14 12:55:46,2012-09-11 11:45:08.640925,uncles,uncle,,,,
79,"",Bedroom,"<p>Uphill from the rose garden, further from root vegetables, a house is a house is a house. And carrots are thorns that stick where they're put. Other things are less obviously pinnately compound.</p>","bĕdˈro͞omˌ, -ro͝om",bed·room,"","","","",2010-10-27 01:09:49,2012-09-11 11:45:31.212144,bedroom,bedrooms,,,,
78,"",Always,<p>It is impossible to pass a monogrammed bowling ball through your wood-paneled esophagus. In either direction. That's why you feel this way.</p>,"ôlˈwāz, -wĭz, -wēz",al·ways,"","","","",2010-10-26 11:52:35,2012-09-11 11:46:27.864611,always,"",,,,
77,"",Constellation,"<p>Throwing up strawberries. Don't distract from the beauty by saying ""vomit"". Sandy and covered in needles, intact in our original syrup, by your side on the side of the road, we beg of you.</p>",kŏnˌstə-lāˈshən,con·stel·la·tion,"","","","",2010-09-29 13:55:15,2012-09-11 11:51:04.021101,constellation,constellations,,,,
74,"",Texture,<p>The brakes catch your continuing fall.</p>,tĕksˈchər,tex·ture,"","","","",2010-09-10 16:07:27,2012-09-11 11:52:29.9931,texture,"",,,,
114,The,Field,"<p>The scene guides your aim.&nbsp;Amid bloody pluck-buckets and the falling magnetized, grandfather passes, snapping a neck.</p>",ˈfēld,field,field.mp3,audio/mp3,18112,2012-12-04 01:45:37.284146,2012-12-04 01:45:37.621286,2012-12-04 01:45:37.621286,field,"",,,,
158,"",Punishment,<p>That giggle in the corner where the bookcase hides the wall.</p>,ˈpə-nish-mənt,pun·ish·ment,punishment.mp3,audio/mp3,22298,2015-01-03 18:17:59.636474,2014-02-27 13:32:47.906806,2015-01-03 18:17:59.637291,punishment,punishments,,,,
89,"",Pine,"<p class=""p1"">Your most mysterious playground impresses itself upon your sense of sexuality &mdash; fallen logs, silence, and a prickling dead carpet &mdash; and not, as you'd think, the other way around.</p>",ˈpīn,pine,pine.mp3,audio/mp3,21439,2012-05-10 17:36:02.109512,2012-05-11 00:36:02,2013-05-15 07:53:50.585799,pine,pines pined pining thicket,,,,
177,"",Starve,"<p><span style=""background-color: rgba(255, 255, 255, 0);"">To study the vocabulary of casings yet refrain from dropping the wad, dropping the shot, crimping the shell.</span></p>",ˈstärv,"",,,,,2015-04-17 17:37:07.545743,2015-04-17 17:37:07.545743,starve,starving starved starves,,,,
92,"",Past,"<p>A series of frogs disappearing into a defined, straight length of PVC pipe, both openings visible and kid-watched.</p>",pæst,"",past.mp3,audio/mp3,18095,2012-06-07 05:48:35.006124,2012-06-07 12:48:35,2012-09-08 03:04:17,past,,,,,
70,"",Stuff,"<p>Roman decadence in the form of home-canned tomato juice. It's like a mason jar would melt before we'd prove our cut crystal, Lit a Turque, tiki bar, telephone table, sheepskin rugs and chifforobes are all in good taste.</p>",stŭf,"",Stuff.mp3,audio/mpeg,134500,2010-09-04 13:23:51.296782,2010-08-21 05:51:50,2012-09-11 11:54:48.352372,stuff,stuffing stuffs stuffed,,,,
100,"",Hollow,"<p>Floating price tags everywhere you look. Tiny invisible Minnie Pearls defying gravity, cracking wise at your expense.</p>",ˈhä-(ˌ)lō,hol·low,Hollow.mp3,audio/mp3,15605,2012-08-29 07:41:00.999994,2012-08-29 14:41:01,2012-09-11 01:49:28.104421,hollow,"",,,,
99,"",Nervous,<p>The small pen with the doghouse persists long past the days of the dog.</p>,ˈnər-vəs,ner·vous,nervous.mp3,audio/mp3,19786,2012-08-24 11:06:58.289402,2012-08-24 18:06:58,2012-09-11 01:49:50.471565,nervous,"",,,,
96,"",Drama,<p>Imagine the chair and the butt descends.</p>,"ˈdrä-mə, ˈdra-","",drama.mp3,audio/mp3,22274,2012-07-09 05:53:59.224180,2012-07-09 12:53:59,2012-09-11 01:51:03.772286,drama,"",,,,
95,"",Your,"<p>Great grandmother's pills on the quilt, intermingled and uncountable. Great baby fistfuls.</p>","yər, ˈyu̇r, ˈyȯr","",your.mp3,audio/mp3,16005,2012-06-28 06:12:27.085058,2012-06-28 13:12:27,2012-09-11 01:51:27.67892,your,"",,,,
94,"",Mysterious,"<p class=""p1"">Look at your toe hanging sideways all like that.</p>",mis-ˈtir-ē-əs,"",mysterious.mp3,audio/mp3,21032,2012-06-23 12:59:45.690221,2012-06-23 19:59:45,2012-09-11 01:51:47.257332,mysterious,"",,,,
98,"",Where,"<p>Forty years weeping, good buddy. Forty years striving. Forty years afraid you're rubber duck minus one on the lingo.</p>","ˈhwer, ˈwer, (ˌ)(h)wər","",where.mp3,audio/mp3,19775,2012-10-10 03:05:40.345275,2012-07-18 02:16:44,2012-10-10 03:05:40.463372,where,"",,,,
91,"",Expression,"<p>We have lunch boxes and phasers and we&nbsp;are not afraid to use them. Or our telescoping mechanical fingers. This being before laser pointers, we have to close ranks to put out an eye.</p>",ik-ˈspre-shən,ex·pres·sion,expression.mp3,audio/mp3,20197,2012-05-21 07:03:32.194642,2012-05-21 14:03:32,2012-09-11 01:52:50.521492,expression,"",,,,
84,"",Toothpaste,"<p class=""p1"">What it teaches about ambition. The old-fashioned kind, not modern contraptions to ensure you get every drop of so much less.</p>",ˈtüth-ˌpāst,tooth·paste,toothpaste.mp3,audio/mp3,17266,2011-11-08 06:28:31.487310,2011-11-08 14:21:30,2012-09-11 11:43:14.196503,toothpaste,toothpastes,,,,
76,"",Supposedly,"<p>One minute you're addressing the foundation. The next, you've embarrassed your folks at the rally with an inappropriate reference to your foe's balls. In your shiny jacket you peel away like a slug awash in beer. It's always like this. This is how you will always go.</p>",sə-pōˈzĭd-lē,sup·pos·ed·ly,"","","","",2010-09-26 12:41:20,2012-09-11 11:51:39.84604,supposedly,"",,,,
75,"",Encyclopedia,<p>The payoff for the stair-top shimmy. But nobody can teach you a damn thing. Nobody can prove you're not Spider-Man.</p>,ĕn-sīˌklə-pēˈdē-ə,en·cy·clo·pe·di·a,"","","","",2010-09-13 17:47:41,2012-09-11 11:52:08.422083,encyclopedia,encyclopedias encyclopedic,,,,
72,"",Forswear,<p>I am not familiar with your name. Your wallet. Your passage to another country.</p>,"fôr-swârˈ, fōr-",for·swear,"","","","",2010-09-08 21:54:04,2012-09-11 11:53:19.791255,forswear,forswears forswearing,,,,
73,"",Issue,<p>It was not our hearts&rsquo;</p>,ĭshˈo͞o,is·sue,"","","","",2010-09-09 12:38:35,2012-09-11 11:53:33.245729,issue,issuing issued,,,,
71,"",Passage,"<p>In temper, she kicks a hole in the wall. Not supposedly, but with some strength.</p>",păsˈĭj,pas·sage,"","","","",2010-09-07 19:02:36,2012-09-11 11:54:01.075019,passage,passages,,,,
69,"",Custody,"<p>The baseball fan who shaves a razor ragged. He is subject to your addictions, innovative and banal. There is nothing in the razor cord but power. There is nothing in the fridge but wine.</p>",kŭsˈtə-dē,cus·to·dy,Custody.mp3,audio/mpeg,137634,2010-09-04 13:25:09.638993,2010-08-17 13:05:58,2012-09-11 11:55:10.753428,custody,custodies,,,,
68,The,Vapors,"<p>Sometimes, just sitting around, I smell rubber friction-burned on ice.</p>",vāˈpərz,"",Vapors.mp3,audio/mpeg,140769,2010-09-04 13:26:44.983739,2010-08-13 16:57:26,2012-09-11 11:55:42.562774,vapors,vapor vaporous,,,,
67,"",Net,<p>Clothing doesn&rsquo;t save you. Knots and buckles turning rope to uncles as old rags to armed guards.</p>,nĕt,"",Net.mp3,audio/mpeg,134500,2010-09-04 13:29:30.532028,2010-08-12 17:23:15,2012-09-11 11:56:28.562169,net,nets netting netted,,,,
66,"",Agape,"<p>Elvis is also dead. I'm taking my football collection and going home: regulation-size, large squishy vinyl, miniature corporate-logoed, beloved decomposing Nerf. They go in the smiling blue toybox with your baby picture. And rhinestones. The situation calls for rhinestones.</p>",ä-gä'pā,a·ga·pe,agape.mp3,audio/mpeg,16839,2010-07-25 20:07:37.836770,2010-07-26 00:35:12,2012-09-11 11:56:51.278067,agape,"",,,,
65,"",God,<p>You're old enough to climb from fence to roof to check behind the chimney but your Frisbee is no longer there.</p>,gŏd,"",god.mp3,audio/mpeg,16840,2010-07-25 20:09:36.800578,2010-07-22 12:36:38,2012-09-11 11:57:15.707689,god,gods godly,,,,
64,"",Religion,"<p>Just so you know, I am capable of a multiple-year boundary-setting exercise.</p>",rĭ-lĭjˈən,re·li·gion,religion.mp3,audio/mpeg,20192,2010-07-20 06:37:09.722267,2010-07-20 13:25:59,2012-09-11 11:57:45.210308,religion,religions religious religiously,,,,
63,"",Shotgun,<p>My son keeps her letters. I forget to write. This</p>,shŏtˈgŭnˌ,shot·gun,shotgun.mp3,audio/mpeg,20204,2010-07-20 06:40:07.512872,2010-07-14 18:17:47,2012-09-11 11:58:18.532701,shotgun,shotguns shotgunning,,,,
62,"",Male,<p>Don&rsquo;t forget you&rsquo;re at issue.</p>,māl,"",male.mp3,audio/mpeg,14752,2010-07-25 20:11:02.028190,2010-07-13 10:51:19,2012-09-11 11:58:38.580695,male,males,,,,
61,"",Cataract,<p>It takes two. Or fake it. (Both positively and in a vulgar sense.)</p>,kătˈə-răktˌ,cat·a·ract,cataract.mp3,audio/mpeg,18103,2010-07-25 20:13:35.915375,2010-07-12 14:14:36,2012-09-11 11:59:03.266543,cataract,cataracts,,,,
97,"",Rhinestone,"<p>A surprise flash of sympathy for the agreed-upon villain. You extend your hand and Jackie Gleason drawls, &ldquo;nice lady.&rdquo;</p>",ˈraɪnˌstəʊn,"",rhinestone.mp3,audio/mp3,29420,2012-07-13 06:09:40.573317,2012-07-13 13:07:47,2012-09-13 12:50:32.486148,rhinestone,rhinestones,,,,
186,"",Childhood,<p>How can a decorative screw go missing when it wasn't ever even real?</p>,ˈchī(-ə)ld-ˌhu̇d,child·hood,childhood.mp3,audio/mp3,22728,2017-08-30 17:18:39 +0000,2017-08-30 17:18:40.055321,2017-08-30 17:36:23.648779,childhood,"",,,,
93,"",You,"<p>Objectively, a silvered substrate,&nbsp;sodium oxide and sand.&nbsp;Everything else is up for discussion, but mostly it's just...</p>",ˈyü,"",you.mp3,audio/mp3,17256,2012-06-12 05:26:58.196082,2012-06-12 12:26:58,2016-02-18 11:54:16.016814,you,"",,,,
124,"",Human,"<p class=""p1"">Outside the house another house. Outside its fence another fence. Outside the meadow another meadow path past cow shit and mushrooms to the door leading out of the house.</p>","ˈhyü-mən, ˈyü-",hu·man,human.mp3,audio/mp3,20204,2013-02-23 02:35:23.274010,2013-02-23 02:35:23.377125,2013-02-23 02:35:23.377125,human,humans,,,,
115,"",Holiday,"<p>The apostate wish to end one's days like a foreigner, in a cold sauce with walnuts.</p>","ˈhä-lə-ˌdā, British usually ˈhä-lə-dē",hol·i·day,holiday2.mp3,audio/mp3,17696,2012-12-19 22:19:57.383226,2012-12-19 22:12:17.565509,2012-12-19 22:19:57.383908,holiday,holidays,,,,
59,"",Read,"<p>&ldquo;Railway schedules, baseball scores, and abnormal psychology.&rdquo; Word by word like the names of the dead.</p>",rēd,"","","","","",2010-07-09 19:41:02,2012-09-11 11:59:55.121467,read,reads reading,,,,
60,"",Female,<p>Don't forget you're at issue.</p>,fēˈmālˌ,fe·male,"","","","",2010-07-10 20:15:13,2012-09-11 12:00:03.275333,female,females,,,,
58,"",Luggage,<p>He lied about the contents of his house.</p>,lŭgˈĭj,lug·gage,"","","","",2010-07-09 19:35:46,2012-09-11 12:00:46.098865,luggage,"",,,,
57,"",Declination,"<p>The sense that the sun rises in the north, that you forever know latitude, longitude, elevation and cardinal points in relation to your first bedroom.</p>",dĕkˌlə-nāˈshən,dec·li·na·tion,"","","","",2010-07-07 13:45:57,2012-09-11 12:01:09.315113,declination,declinations,,,,
56,"",Korrigan,"<p>A firm, paralyzing conviction that everyone knows how to get to your house, where you hid your postcard collection, who threatened to kiss you in the backyard tent, what you've tried to forget, where your sentence ends.</p>",kôrˈĭ-gən,"","","","","",2010-07-02 12:58:12,2012-09-11 12:01:40.416022,korrigan,"",,,,
54,"",Prostitution,<p>Just because you're popular doesn&rsquo;t mean you're going to be happy.</p>,"prŏsˌtĭ-to͞oˈshən, -tyo͞oˈ-",pros·ti·tu·tion,prostitution.mp3,audio/mpeg,27716,2010-06-29 05:04:28.416574,2010-06-29 12:00:39,2012-09-11 12:02:24.299397,prostitution,"",,,,
53,"",Bone,<p>Undoubtedly involved.</p>,bōn,"",bone.mp3,audio/mpeg,16857,2010-06-28 14:41:56.061173,2010-06-28 21:41:56,2012-09-11 12:02:53.317209,bone,bones boning boned boner boners,,,,
52,"",Humors,"<p>Black bile, yellow bile, Paul and Ringo. And us and us 'til we break up break up.</p>",hyo͞oˈmərz,hu·mors,humors.mp3,audio/mpeg,25207,2010-06-28 14:44:56.556313,2010-06-24 23:46:46,2012-09-11 12:03:35.396548,humors,humor humoring humorous,,,,
50,"",Chum,"<p>In retrospect, there&rsquo;s a lot of this. Recognition in the past implies ignorance of the present. Future tense implied.</p>",chŭm,"","","","","",2010-06-23 12:03:26,2012-09-11 12:04:29.796177,chum,chums,,,,
49,"",Nest,<p>Touch and it dies starving.</p>,nĕst,"",nest.mp3,audio/mpeg,18092,2010-06-21 18:09:24.934678,2010-06-22 01:09:24,2012-09-11 12:04:53.182272,nest,nests nesting nested,,,,
48,"",Junkie,"<p>All other considerations aside, there's something to be said for one perfect moment.</p>",jŭngˈkē,"",junkie.mp3,audio/mpeg,22699,2010-06-21 18:06:36.003747,2010-06-21 11:26:02,2012-09-11 12:05:17.471324,junkie,junkies,,,,
47,"",X,"<p>Simply, your point of view. Reflexive and derivative, scientific where it is mechanical, Middle Welsh where it is not Louisiana French, biblical and talmudic where it is not augmentative and unapologetically lowbrow.</p>",ĕks,"",x.mp3,audio/mpeg,19763,2010-06-19 14:49:53.628310,2010-06-19 01:03:10,2012-09-11 12:05:47.625383,x,ex,,,,
46,"",S,<p>It is.</p>,ĕs,"",s.mp3,audio/mpeg,19761,2010-06-19 14:52:11.194652,2010-06-18 20:35:28,2012-09-11 12:06:14.008321,s,"",,,,
45,"",R,<p>Is it?</p>,är,"",r.mp3,audio/mpeg,17677,2010-06-19 14:53:31.105977,2010-06-18 03:02:12,2012-09-11 12:06:46.653806,r,are our,,,,
44,"",Bughouse,"<p>See also bugshit, bugnuts, bugged, buggered, bugward, bugwad, bagged-out, etc.</p>",bŭgˈhousˌ,bug·house,"","","","",2010-06-16 21:03:05,2012-09-11 12:07:07.845404,bughouse,"",,,,
43,"",Finger,"<p>It speaks French. Unless you speak French, in which case it speaks Russian with a Kazak accent. When you were younger it spoke to you and with you and you pointed stuff out for it to point out, but one day it grew up and turned on you.</p>",fĭngˈgər,fin·ger,finger.mp3,audio/mpeg,18096,2010-06-15 18:25:34.012330,2010-06-16 01:25:34,2012-09-11 12:07:32.376902,finger,fingers fingered,,,,
42,"",Violence,<p>He passes through. He comes to join the association.</p>,vīˈə-ləns,vi·o·lence,violence.mp3,audio/mpeg,23119,2010-06-10 19:23:56.075998,2010-06-10 21:44:16,2012-09-11 12:08:04.123541,violence,violent,,,,
41,The,Collapse,<p>Be ye Barysnikov or Yakov ye be.</p>,kə-lăpsˈ,col·lapse,collapse.mp3,audio/mpeg,20192,2010-06-15 19:52:46.480272,2010-06-10 10:38:42,2012-09-11 12:08:28.287606,collapse,collapses collapsing,,,,
40,"",Xylophage,<p>You chip soup. You bark sherbet. You hack not carve what your host proffers.</p>,zīˈlə-fājˌ,xy·lo·phage,xylophage.mp3,audio/mpeg,28972,2010-06-15 19:54:39.045375,2010-06-09 03:22:44,2012-09-11 12:08:51.324193,xylophage,"",,,,
39,"",Intellect,<p>You think you know the flower in your pot. Then it up and dies on you.</p>,ĭnˈtl-ĕktˌ,in·tel·lect,intellect.mp3,audio/mpg,25208,2010-06-07 18:31:26.269944,2010-06-08 01:31:26,2012-09-11 12:09:20.201901,intellect,intellectual intellects,,,,
37,"",Sewage,<p>Indefinable and omnipresent. Everything which settles and soothes. Float on it.</p>,so͞oˈĭj,sew·age,sewage.mp3,audio/mpg,16424,2010-06-03 18:39:43.178518,2010-06-04 01:25:31,2012-09-11 12:10:08.765981,sewage,"",,,,
36,"",Mother,<p>Transitive and intransitive. Temp to perm.</p>,mŭþˈər,moth·er,mother.mp3,audio/mpg,21440,2010-06-02 14:41:50.761104,2010-06-02 21:41:50,2012-09-11 12:10:32.286268,mother,mothers mothering,,,,
34,"",Dream,"<p>A family which always drives away its neighbors, but knows where they live from then on and sends them heavy, empty envelopes at Christmas, postage due.</p>",drēm,dream,dream.mp3,audio/mpg,14338,2010-06-01 18:48:35.925701,2010-06-02 01:48:35,2012-09-11 12:10:59.809121,dream,dreams dreaming dreamed dreamt,,,,
33,"",Explanation,<p>You open the package and it&rsquo;s not for you.</p>,ĕkˌsplə-nāˈshən,ex·pla·na·tion,explanation.mp3,audio/mpg,23542,2010-05-31 18:53:23.467449,2010-06-01 01:53:23,2012-09-11 12:11:42.283507,explanation,explain explained explainer,,,,
51,"",Grievance,"<p>It is specifically built, holding flowers, and takes your particular hand in a general his and her.</p>",grēˈvəns,"",grievance.mp3,audio/mpeg,25206,2010-06-29 05:10:04.250187,2010-06-24 01:29:45,2012-09-11 12:12:06.569088,grievance,grievances,,,,
32,"",Grief,<p>Without water days passed slowly.</p>,grēf,grief,grief.mp3,audio/mpeg,21021,2010-05-23 14:17:30.859815,2010-05-23 21:17:30,2012-09-11 12:12:25.418898,grief,"",,,,
31,"",Debauchery,"<p>A close-fitting hat with a visor extending well inward to a more generalized or primitive condition, often as a preliminary to major change.</p>",dĭ-bôˈchə-rē,de·bauch·er·y,debauchery.mp3,audio/mpeg,20190,2010-05-20 19:05:48.911534,2010-05-21 02:05:48,2012-09-11 12:13:01.528269,debauchery,debauched debaucheries,,,,
187,"",Unfair,<p>These days nearly everybody gets to keep their real teeth.</p>,ˌən-ˈfer,un·fair,unfair.mp3,audio/mp3,26053,2017-09-01 04:54:22 +0000,2017-09-01 04:54:22.893258,2017-09-01 04:54:22.893258,unfair,unfairly,,,,
116,"",Name,"<p class=""p1"">You know how Scooby and the gang run away from the ghost into the haunted mine then they fall into a mine cart and zoom away but the ghost pops up in the same mine cart, zoinks? That's me.</p>",ˈnām,"",name.mp3,audio/mp3,16858,2012-12-23 16:44:08.610782,2012-12-23 16:44:08.967146,2012-12-23 16:44:55.986634,name,names,,,,
117,"",Quick,<p>Where through a microscope footprints.</p>,ˈkwik,"",quick.mp3,audio/mp3,12677,2012-12-30 03:22:19.696388,2012-12-30 03:22:22.540217,2012-12-30 03:22:22.540217,quick,quicken quickens,,,,
118,The,Debate,"<p>We do not help the frog stuck at lake's edge, one leg swallowed, with pellet after pellet to the snake's head.</p>","di-ˈbāt, dē-",de·bate,debate.mp3,audio/mp3,18953,2013-01-18 16:38:18.910273,2013-01-18 16:38:18.993947,2013-01-18 16:38:18.993947,debate,debates debating debater,,,,
29,"",Couch,<p>The striped bathing suit on your great-grandfather.</p>,kouch,couch,couch.mp3,audio/mpg,19351,2010-05-17 19:43:55.629656,2010-05-18 02:43:55,2012-09-11 12:13:41.255499,couch,couches couched,,,,
30,"",This,<p>Too many wells to be a barren land. Too many fat camels digesting mysterious breakfasts.</p>,þĭs,this,this.mp3,audio/mpeg,20187,2010-05-20 07:34:51.072980,2010-05-20 14:34:51,2015-04-03 13:33:36.487438,this,"",,,,
26,"",Xyster,"<p>Really, anything I could say would be sexist. Or at best fraternal. Have you two met?</p>",zĭsˈtər,xys·ter,xyster.mp3,audio/mpg,21440,2010-05-12 19:41:37.346178,2010-05-13 02:41:37,2012-09-11 12:14:52.19341,xyster,"",,,,
25,"",Water,<p>Our green hill leads to a forest. Or runs under. Or our green forest turns brown over the hill. This forest fallen with trees where the hill meets its tall green guts. Where and how should we build our house? Our green hill runs under our forest.</p>,"wôˈtər, wŏtˈər",wa·ter,water.mp3,audio/mpg,15172,2010-05-11 19:24:07.174924,2010-05-12 02:24:07,2012-09-11 12:15:19.824417,water,waters watering watered,,,,
24,"",Valence,"<p>Our house lies flat, walls fallen, roof blown away. From the cracks scamper guinea pigs and poodles shaking off dirt and mold. Our station wagon&rsquo;s been packed and waiting for over 20 years.</p>",vāˈləns,va·lence,valence.mp3,audio/mpg,15172,2010-05-10 18:41:36.789591,2010-05-11 01:41:36,2012-09-11 12:15:43.335858,valence,valences,,,,
22,"",Question,<p>There comes a point once you&rsquo;ve made your point when it&rsquo;s just plain rude to continue.</p>,kwĕsˈchən,ques·tion,question.mp3,audio/mpg,16845,2010-05-06 19:52:42.767923,2010-05-07 02:52:42,2012-09-11 12:16:55.682533,question,"",,,,
21,"",Judgment,<p>A sexual perversion where inertia and nurture meet a prefab concrete slab.</p>,jŭjˈmənt,judg·ment,judgment.mp3,audio/mpg,21441,2010-05-05 18:15:49.125258,2010-05-06 01:15:49,2012-09-11 12:18:06.770203,judgment,judgments,,,,
20,"",Understanding,"<p>I knew the thing to do was slice fillets for my friends. But when I held him in my arms and knew I had to smother him or break his neck, I couldn&rsquo;t do it. I looked around for mother.</p>",ŭnˌdər-stănˈdĭng,un·der·stand·ing,understanding.mp3,audio/mpg,17272,2010-05-04 18:45:03.923032,2010-05-05 01:45:03,2012-09-11 12:21:54.086077,understanding,understand understands understood,,,,
19,"",Time,<p>Increments of pets.</p>,tīm,time,time.mp3,audio/mpg,16004,2010-05-03 17:34:02.916815,2010-05-04 00:34:02,2012-09-11 12:22:21.091086,time,timed timing,,,,
18,"",Survival,"<p>He held her dress responsible. Holding her, he dressed responsibly. Responsibly, he held her dress. She undressed in response to his hold on her. He undressed, withholding. She dressed and held on.</p>",sər-vīˈvəl,sur·viv·al,survival.mp3,audio/mpg,17261,2010-05-02 16:53:26.184783,2010-05-02 23:53:26,2012-09-11 12:23:12.688342,survival,survived surviving,,,,
17,"",Reap,"<p>When the plow rolls over you, you stand up and make babies. Then you slice them into pieces like some younger, less forgiving plow.</p>",rēp,reap,reap.mp3,audio/mpg,16842,2010-04-29 17:44:53.783192,2010-04-30 00:44:53,2012-09-11 12:23:37.274322,reap,reaps reaping reaped reaper,,,,
15,"",Purpose,"<p>Next door, someone collected aluminum cans, naming each one for a holiday. Christmas, sigh, crush. Easter. New Year&rsquo;s.</p>",pûrˈpəs,pur·pose,purpose.mp3,audio/mpg,13084,2010-04-26 10:43:16.440936,2010-04-26 17:43:16,2012-09-11 12:24:26.131966,purpose,purposes,,,,
119,"",Was,"<p class=""p1"">Expressed as age-at-incident to parent-age-at-incident over individual obsessive degree. It&nbsp;is irrational. It is endlessly specific.</p>","ˈwəz, ˈwäz","",was.mp3,audio/mp3,18108,2013-01-20 19:06:52.265117,2013-01-20 19:06:52.29591,2013-01-20 19:09:37.523814,was,were,,,,
178,"",Graduation,"<p>That time in your life when all of your friends are Franz Kafka. Franz in the driveway, elbows on the car. Franz at the sleepover, rolling dragon dice.&nbsp;You will come to understand that this era really stressed out your parents.</p>",ˌgra-jə-ˈwā-shən,grad·u·a·tion,,,,,2015-04-20 14:08:36.281635,2015-04-20 14:08:36.281635,graduation,graduate graduates graduating graduated,,,,
179,"",Independence,"<p>The time you can hide in the gel green light under the floating dock before someone panics, plus or minus thirty seconds.</p>",ˌin-də-ˈpen-dən(t)s,in·de·pen·dence,,,,,2015-04-21 17:56:33.479016,2015-04-21 17:56:33.479016,independence,"",,,,
180,"",Suggestion,"<p>""At some point you have to move past her neck,"" says the rent-a-cop.</p>","səg-ˈjes-chən, sə-ˈjes-, -ˈjesh-",sug·ges·tion,,,,,2015-04-22 12:41:30.601294,2015-04-22 12:42:01.050313,suggestion,suggest suggests suggesting suggestive,,,,
181,"",Divorce,<p>All the busted pinball games your paneled attic can contain.</p>,də-ˈvȯrs also dī-,di·vorce,,,,,2015-04-24 00:26:04.803072,2015-04-24 00:26:04.803072,divorce,divorced divorces divorcing,,,,
182,"",Reflex,"<p>The museum of outmoded rearing tactics, all&nbsp;requisite&nbsp;corners and striking planes.</p>",ˈrē-ˌfleks,re·flex,,,,,2015-04-24 15:07:33.982634,2015-04-24 15:07:33.982634,reflex,reflexive,,,,
27,"",Youth,"<p>Sun, positive, genitals, spare tires, church keys, pocket knives. Anything that will do in a pinch. Anything you might happen to find in your pants.</p>",yüth,youth,youth.mp3,audio/mpg,22690,2010-05-13 17:58:14.174471,2010-05-14 00:58:14,2016-02-18 16:20:12.333801,youth,youths,,,,
188,"",To,"<p>A basement shaped like your dim understanding of divorce. An attic blocks away likewise. It's darker there, and unmonitored. You can get away with anything.</p>","tə, tu̇, ˈtü","",to.mp3,audio/mp3,18525,2017-09-02 04:14:23 +0000,2017-09-02 04:14:23.949492,2017-09-02 04:14:23.949492,to,"",,,,
16,"",Orgasm,<p>I'd walk a lonely mile for a yoga joke.</p>,ôrˈgăzˌəm,or·gasm,orgasm.mp3,audio/mpg,14338,2010-04-27 18:35:54.441276,2010-04-28 01:35:54,2018-01-15 06:24:55.738585,orgasm,orgasms,orgasm.png,image/png,412767,2018-01-15 06:24:55.480428
38,"",Overkill,<p>Only fascists think it's anything but funny.</p>,ōˈvər-kĭlˌ,o·ver·kill,overkill.mp3,audio/mpg,20188,2010-06-06 20:05:46.465293,2010-06-07 03:05:46,2018-01-15 06:31:50.959137,overkill,"",overkill.png,image/png,240750,2018-01-15 06:31:50.330409
23,"",Coffle,<p>To divine from a distance the corpses of murdered priests. You are not required to know what you should do.</p>,"kôˈfəl, kŏfˈəl",kaf·fle,kaffle.mp3,audio/mpg,15170,2010-05-09 16:54:04.786929,2010-05-09 23:54:04,2018-01-15 06:34:58.282915,coffle,"",coffle.png,image/png,366275,2018-01-15 06:34:57.923331
183,"",Morning,<p>When you are far less terrifying hovering over the sleepers in a rented bunny suit.</p>,ˈmȯr-niŋ,morn·ing,,,,,2015-04-25 14:09:38.876843,2018-01-15 06:37:23.790808,morning,mornings,morning.png,image/png,261392,2018-01-15 06:37:23.221572
189,"",Cousin,"<p><span style=""background-color: rgba(255, 255, 255, 0);"">Pristine in their original packaging. Collect them all.</span></p>",ˈkə-zən,cous·in,cousin.mp3,audio/mpeg,21456,2017-09-14 03:36:27 +0000,2017-09-14 03:36:27.270114,2017-09-14 03:37:20.44613,cousin,cousins,,,,
1,"",A,"<p>An expression of misunderstanding or &ldquo;getting with the drift.&rdquo; Otherwise, the first and most ambiguous of your siblings.</p>",ā,"",a.mp3,audio/mpg,12241,2010-04-22 18:48:55.254000,2010-04-20 21:47:27,2018-01-15 05:22:16.014223,a,"",A.png,image/png,348629,2018-01-15 05:22:15.539415
2,"",Appropriation,<p>He&rsquo;s fish. She&rsquo;s chicken. They&rsquo;re fruit and wheat. Where do they live? Together. What do they eat?</p>,ə-prōˌprē-āˈshən,ap·pro·pri·a·tion,appropriation.mp3,audio/mpg,19373,2010-04-22 18:53:15.508243,2010-04-21 00:36:59,2018-01-15 05:24:39.176023,appropriation,"",appropriation.png,image/png,345956,2018-01-15 05:24:38.896424
101,"",Again,"<p class=""p1"">Another kind of crawl space, this one set with dirt and pickled vegetables. Too barren, too packed for spiders. You could still be there.</p>","ə-ˈgen, -ˈgin, -ˈgān",a·gain,Again.mp3,audio/mp3,21038,2012-09-05 05:56:37.890548,2012-09-05 12:56:37,2018-01-15 05:39:30.737002,again,"",again.png,image/png,388085,2018-01-15 05:39:30.023392
55,The,Thicket,<p>There will be a half-trailer. There will be a double-wide. There will be hyphenates for everyone: half-remembered ho-hum hanky-panky; half-mast fact-finding get-togethers; hush-hush passer-by check-ins; ex-officio bel-accoyles; self-service follow-ups; far-ranging life-size in-depth mind-blowing hard-core pell-mell adjustable-pitch all-weather fare-thee-wells.</p>,thĭkˈĭt,thick·et,"","","","",2010-06-30 03:28:24,2018-01-15 06:28:53.568981,thicket,thickets pine,thicket.png,image/png,623872,2018-01-15 06:28:53.25707
190,"",Father,"<p><!--?xml version=""1.0"" encoding=""UTF-8""?--> He straps on skis to tour the towns that drowned in the Depression.</p>",ˈfɑðər, fa·ther,father.mp3,audio/mpeg,19784,2017-09-28 09:59:42 +0000,2017-09-28 09:59:43.102412,2018-01-16 07:25:00.588684,father,fathers fathering fatherhood fathered,father.png,image/png,392051,2018-01-15 16:11:48.69531
185,"",Self,"<p><!--?xml version=""1.0"" encoding=""UTF-8"" standalone=""no""?--> Your dying father's probing infant tongue.</p>","ˈself, Southern also ˈsef","",self.mp3,audio/mp3,20618,2016-12-02 04:08:26 +0000,2016-02-18 11:45:30.821713,2018-04-28 04:37:51.590092,self,"",,,,
172,"",Know,<p>To tear their house apart anew&nbsp;night after night after night&nbsp;leaving just enough country home to mourn among the shanties and the strip malls and the ad hoc boat docks.</p>,ˈnō,"",,,,,2015-04-06 11:43:49.929792,2015-04-06 11:47:06.528116,know,knows knowing knew,,,,
